id,name,store,rarity,stat,op,value,max_level,base_cost,cost_growth,weapon,description
diner_damage,Hot Sauce Rounds,diner,common,damage_mult,mul,0.08,25,40,1.18,,+8% weapon damage per level
diner_fire_rate,Bottomless Coffee,diner,common,fire_rate_mult,mul,0.06,25,45,1.18,,+6% fire rate per level
diner_health,Meatloaf Plating,diner,common,max_health,add,15,20,35,1.16,,+15 max health per level
diner_regen,Slice of Pie,diner,common,regen,add,0.5,10,60,1.22,,+0.5 health per second per level
diner_scrap,Tip Jar,diner,common,scrap_mult,mul,0.07,25,50,1.20,,+7% scrap from everything per level
diner_combo_window,Free Refill,diner,common,combo_window,add,0.3,10,55,1.20,,+0.3s before your combo drops
diner_speed,Greased Bearings,diner,common,top_speed_mult,mul,0.03,15,50,1.20,,+3% top speed per level
diner_ram,Bull Bar,diner,common,ram_mult,mul,0.12,15,40,1.18,,+12% ram damage per level
diner_front_gun,Front Gun Tune-Up,diner,common,,weapon,1,2,120,1.80,front_gun,Next front gun level (more barrels and damage)
diner_garlic,Garlic Refill,diner,common,,weapon,1,2,140,1.80,garlic,Next garlic level (needs Garlic Exhaust)
diner_side_rockets,Rocket Rack,diner,common,,weapon,1,1,160,1.80,side_rockets,Next side rockets level (needs Side Rockets)
diner_ring_fire,Ring Fire Coils,diner,common,,weapon,1,1,160,1.80,ring_fire,Next ring fire level (needs Ring Fire)
sky_damage,Thermal Rounds,sky,uncommon,damage_mult,mul,0.24,10,80,1.25,,+24% weapon damage per level (3x Hot Sauce Rounds)
sky_fire_rate,Overclocked Feed,sky,uncommon,fire_rate_mult,mul,0.18,10,90,1.25,,+18% fire rate per level (3x Bottomless Coffee)
sky_health,Carbon Cage,sky,uncommon,max_health,add,45,8,70,1.24,,+45 max health per level (3x Meatloaf Plating)
sky_scrap,Updraft Bounty,sky,uncommon,scrap_mult,mul,0.21,10,100,1.27,,+21% scrap per level (3x Tip Jar)
sky_crit,Sniper Scope,sky,uncommon,crit_chance,add,0.06,10,120,1.25,,+6% critical hit chance per level
sky_crit_mult,Hollow Points,sky,uncommon,crit_mult,add,0.45,8,140,1.28,,+0.45x critical damage per level
sky_combo_cap,Hangtime Engine,sky,uncommon,combo_cap,add,1.5,8,150,1.30,,+1.5 to the maximum combo multiplier
sky_combo_step,Style Points,sky,uncommon,combo_step,add,0.15,8,140,1.30,,Each combo hit adds +0.15x more
sky_boost,Jet Assist,sky,uncommon,boost_mult,mul,0.30,8,120,1.28,,+30% boost strength per level
sky_armor,Aerogel Plating,sky,uncommon,armor,add,0.06,6,160,1.35,,Blocks +6% of incoming damage per level
petrol_garlic,Garlic Exhaust,petrol,rare,,unlock,1,1,300,1.00,garlic,Unlock the garlic aura weapon
petrol_side_rockets,Side Rockets,petrol,rare,,unlock,1,1,350,1.00,side_rockets,Unlock side-firing rockets
petrol_ring_fire,Ring Fire,petrol,rare,,unlock,1,1,350,1.00,ring_fire,Unlock the ring of fire weapon
petrol_nitro,High-Octane Nitro,petrol,rare,top_speed_mult,mul,0.15,3,400,2.00,,+15% top speed per level
petrol_premium,Premium Unleaded,petrol,rare,scrap_mult,mul,0.50,3,600,2.20,,+50% scrap per level
petrol_roll_cage,Roll Cage,petrol,rare,armor,add,0.12,3,500,2.00,,Blocks +12% of incoming damage per level
petrol_twin_turbo,Twin Turbo,petrol,rare,fire_rate_mult,mul,0.40,3,550,2.00,,+40% fire rate per level
petrol_cowcatcher,Cowcatcher,petrol,rare,ram_mult,mul,1.00,3,450,2.00,,Doubles ram damage per level
garage_start_scrap,Savings Account,garage,meta,start_scrap,add,50,20,10,1.35,,Start each run with +50 scrap per level
garage_bank,Pawn Shop Contacts,garage,meta,bank_rate,add,0.02,10,15,1.40,,Bank +2% of run scrap as parts per level
garage_health,Reinforced Chassis,garage,meta,max_health,add,10,10,12,1.35,,+10 starting max health per level
garage_damage,Workshop Tools,garage,meta,damage_mult,mul,0.05,20,12,1.30,,+5% starting weapon damage per level
garage_discount,Loyalty Card,garage,meta,store_discount,add,0.03,10,20,1.40,,All store prices -3% per level
garage_combo,Muscle Memory,garage,meta,combo_window,add,0.2,10,15,1.35,,+0.2s combo window per level
